﻿company,country,headquarters,established
40 Acres and a Mule Filmworks,United States,"New York City, New York",1986
606 Films,United States,"Los Angeles, California",2014
2929 Productions,United States,"Dallas, Texas",2003
Allied Artists Pictures Corporation,United States,"Los Angeles, California",1931
Amblin Entertainment,United States,"Universal City, California",1981
American International Pictures,United States,"Los Angeles, California",1956
American Zoetrope,United States,"San Francisco, California",1969
Artisan Entertainment,United States,"New York City, New York",1982
Batjac Productions,United States,"Los Angeles, California",1952
Blinding Edge Pictures,United States,"Berwyn, Pennsylvania",2000
Blue Sky Studios,United States,"Greenwich, Connecticut",1987
Capitol Films,United States,"Los Angeles, California",1992
Caravan Pictures,United States,"Santa Monica, California",1992
Carolco Pictures,United States,"Boca Raton, Florida",1976
Castle Rock Entertainment,United States,"Beverly Hills, California",1987
CBS Films,United States,"Los Angeles, California",2007
Cedar Grove Productions,United States,"Los Angeles, California",1996
Christie Film Company,United States,"Hollywood, California",1916
Cinemation Industries,United States,"New York City, New York",1965
Cinergi Pictures,United States,"Santa Monica, California",1989
Columbia Pictures,United States,"Culver City, California",1924
Compass International Pictures,United States,UNKNOWN,1977
Davis Entertainment,United States,UNKNOWN,1984
Destination Films,United States,"Santa Monica, California",1993
Dimension Films,United States,"New York, New York",1992
DreamWorks,United States,"Universal City, California",1994
DreamWorks Animation,United States,"Glendale, California",2004
E1 Entertainment,United States,"Port Washington, New York",1987
Edison's Black Maria,United States,"West Orange, New Jersey",1893
Electric Entertainment,United States,"Los Angeles, California",2001
Elevating Entertainment Motion Pictures,United States,"Nashville, Tennessee",2007
Embassy Pictures,United States,"New York City, New York",1942
Esperanto Filmoj,United States,"Los Angeles, California",2004
Essanay Studios,United States,"Chicago, Illinois",1907
Famous Players Film Company,United States,,1912
Famous Players-Lasky,United States,,1914
Film Booking Offices of America,United States,,1919
Filmways,United States,"Sonoma County, California",1958
Fine Line Features,United States,"New York, New York",1990
First Look Studios,United States,"Century City, California",1993
First National,United States,,1917
Five & Two Pictures,United States,,2002
Flavor Unit Entertainment,United States,"Jersey City, New Jersey",1995
Focus Features,United States,"Universal City, California",1992
Four Star Productions,United States,,1952
Fox Atomic,United States,"Century City, California",2006
Fox Film Corporation,United States,,1915
20th Century Pictures,United States,,1933
Fox Searchlight Pictures,United States,"Century City, California",1994
GDPC,United States,"West Grove, Pennsylvania",2017
Gener8Xion Entertainment,United States,"Hollywood, California",1995
Golan-Globus,United States,,1967
Goldwyn Pictures,United States,,1916
Samuel Goldwyn Productions,United States,,1923
Hallmark Productions,United States,,
Hannover House,United States,"Springdale, Arkansas",1993
Happy Madison Productions,United States,,1999
Heritage Film Project,United States,"Charlottesville, Virginia",2008
Hollywood Pictures,United States,"Burbank, California",1989
IFC Films,United States,"New York, New York",1999
Image Entertainment,United States,"Los Angeles, California",1981
Interscope Pictures,United States,,1982
Kalem Company,United States,,1907
Keystone Studios,United States,,1912
Legendary Pictures,United States,,2000
Liberty Films,United States,,1945
Lightstorm Entertainment,United States,,1990
Lightyear Entertainment,United States,,1987
Lions Gate Entertainment,United States,"Santa Monica, California",1995
Lubin Studios,United States,,1896
Lucasfilm,United States,,1971
Magnolia Pictures,United States,"New York, New York",2001
Marvel Studios,United States,"Manhattan Beach, California",2007
Mascot Pictures Corporation,United States,,1927
Mercury Radio Arts,United States,"Las Colinas, Texas",2002
Metro Pictures,United States,,1915
Metro-Goldwyn-Mayer,United States,"Century City, California",1924
Miramax Films,United States,"New York, New York",1979
Mutual Film,United States,,1912
Newmarket Films,United States,"Los Angeles, California",1989
Nestor Studios,United States,,1909
New Line Cinema,United States,"New York, New York",1967
Original Film,United States,,1997
Orion Pictures Corporation,United States,"Los Angeles, California",1978
Overture Films,United States,"Beverly Hills, California",2006
Pacific International Enterprises,United States,"Medford, Oregon",1952
Paramount Pictures,United States,"Hollywood, California",1912
Paramount Vantage,United States,"Los Angeles, California",1996
Picturehouse,United States,"New York, New York",2005
Possibility Pictures,United States,"Orlando, Florida",2002
Praise Pictures,United States,,2007
Premium Picture Productions,United States,,1921
Producers Releasing Corporation,United States,"Los Angeles, California",1939
Promenade Pictures,United States,"Santa Monica, California",2003
Pure Flix Entertainment,United States,"Scottsdale, Arizona",2005
Reliance-Majestic Studios,United States,,1914
Republic Pictures,United States,"Los Angeles, California",1935
RKO Pictures,United States,"New York, New York",1928
Rogue Pictures,United States,"Universal City, California",1992
Rolfe Photoplays,United States,,1915
Rooster Teeth Productions,United States,"Austin, Texas",2003
Samuel Goldwyn Films,United States,"New York, New York",1979
Scott Free,United States,,1970
Screen Gems,United States,"Culver City, California",1940
Screen Media Films,United States,"New York, New York",2001
Selig Polyscope Company,United States,,1896
Selznick International Pictures,United States,,1935
Sherwood Pictures,United States,"Albany, Georgia",2002
Silver Pictures,United States,,1985
Skydance Productions,United States,,2010
Solax Studios,United States,,1910
Sony Pictures Classics,United States,"Culver City, California",1991
Sony Pictures Motion Picture Group,United States,"Culver City, California",1998
Spyglass Entertainment,United States,,1988
Strand Releasing,United States,"Culver City, California",1989
Sun Haven Studios,United States,,1932
Summit Entertainment,United States,"Universal City, California",1996
Temple Hill Entertainment,United States,,2006
Thanhouser Company,United States,,1909
The Samuel Goldwyn Company,United States,"Santa Monica, California",1979
THINKFilm,United States,"New York, New York",2001
Through A Glass Productions,United States,,2002
Tiffany Pictures,United States,,1921
Touchstone Pictures,United States,"Burbank, California",1984
Trimark Pictures,United States,"Los Angeles, California",1985
"TriStar Pictures, Inc.",United States,,
TriStar Pictures,United States,"Culver City, California",1982
Troma Entertainment,United States,"New York, New York",1974
20th Century Fox,United States,"Century City, California",1935
20th Century Fox Animation,United States,"Century City, California",1997
Uncommon Productions,United States,"Boston, MA",2000
"United Artists Entertainment, LLC",United States,"Century City, California",1919
United States Productions,United States,,1946
Universal Studios,United States,"Universal City, California",1912
Victor Studios,United States,,1912
Vitagraph Studios,United States,,1897
Vivendi Entertainment,United States,"Universal City, California",2000
Walden Media,United States,,2001
The Walt Disney Studios,United States,1923,
Walt Disney Pictures,United States,"Burbank, California",1923
Warner Bros.,United States,"Burbank, California",1918
Warner Independent Pictures,United States,"Burbank, California",2003
The Weinstein Company,United States,"New York, New York",2005
Tyler Perry Studios,United States,"Atlanta, Georgia",2006
Welling Films,United States,,2006
Western Film Exchange,United States,,1906
The Whartons Studio,United States,,1914
World Wide Pictures,United States,"Minneapolis, Minnesota",1951
Worldview Entertainment,United States,,2007
WWE Studios,United States,"Los Angeles, California",2002
Yari Film Group,United States,"Los Angeles, California",2006
